{
  "batch_name": "crypto_10_insample",
  "strategy": "bollinger_b2b",
  "timestamp": "2026-01-27T06:43:25.114765",
  "summary": {
    "total": 10,
    "successful": 10,
    "failed": 0,
    "n_significant": 1
  },
  "tickers": {
    "successful": [
      "BTC",
      "ETH",
      "BNB",
      "SOL",
      "XRP",
      "ADA",
      "DOGE",
      "TRX",
      "AVAX",
      "DOT"
    ],
    "failed": []
  },
  "batch_statistics": {
    "concentration.gini_coefficient": {
      "mean": 0.5326044042477638,
      "median": 0.5382820325850137,
      "std": 0.02929213823627401,
      "min": 0.48344043803297104,
      "max": 0.5692760503081954,
      "n": 10
    },
    "concentration.top_10_trades_pct": {
      "mean": 92.67887932867359,
      "median": 92.51677214476835,
      "std": 29.138138297337143,
      "min": 58.44417778518637,
      "max": 143.54469932280264,
      "n": 10
    },
    "concentration.top_5_trades_pct": {
      "mean": 59.23507695345207,
      "median": 58.40239486451483,
      "std": 22.430112741742665,
      "min": 32.005533866233385,
      "max": 101.56065803587693,
      "n": 10
    },
    "dependencies.autocorr_lag1": {
      "mean": -0.02990203189326206,
      "median": -0.031578542749851876,
      "std": 0.008552002108730094,
      "min": -0.04493703965695356,
      "max": -0.013118903998042957,
      "n": 10
    },
    "dependencies.autocorr_lag24": {
      "mean": -0.028741115380397225,
      "median": -0.027962863902367817,
      "std": 0.007681620396444728,
      "min": -0.03986571439467065,
      "max": -0.016125207566266106,
      "n": 10
    },
    "dependencies.autocorr_lag5": {
      "mean": -0.0032807353486507167,
      "median": -0.0033589376859378814,
      "std": 0.005396502920107147,
      "min": -0.015158727631673488,
      "max": 0.00586176654853836,
      "n": 10
    },
    "dependencies.hurst_exponent": {
      "mean": 0.5844206034308763,
      "median": 0.5839460054790835,
      "std": 0.005697772523456795,
      "min": 0.5761971753126638,
      "max": 0.5976883241437956,
      "n": 10
    },
    "distribution.kurtosis": {
      "mean": 42.423238410768136,
      "median": 37.21820551014423,
      "std": 25.940574198077623,
      "min": 18.894520467177962,
      "max": 114.8698341514795,
      "n": 10
    },
    "distribution.p25": {
      "mean": -0.004070653721057288,
      "median": -0.004016469971523398,
      "std": 0.000950088507609923,
      "min": -0.005542864695563532,
      "max": -0.0025278434926363502,
      "n": 10
    },
    "distribution.p5": {
      "mean": -0.014604784331005812,
      "median": -0.014454940585496838,
      "std": 0.0025536707090779045,
      "min": -0.018598493451161446,
      "max": -0.010004111925708603,
      "n": 10
    },
    "distribution.p50": {
      "mean": 9.969757966743486e-07,
      "median": 0.0,
      "std": 8.952794661829143e-06,
      "min": -1.4531356475888657e-05,
      "max": 2.4501114442632144e-05,
      "n": 10
    },
    "distribution.p75": {
      "mean": 0.004031215664943169,
      "median": 0.003896363609774054,
      "std": 0.0009133264682713106,
      "min": 0.002600617416709916,
      "max": 0.005414198390872649,
      "n": 10
    },
    "distribution.p95": {
      "mean": 0.015260868110750225,
      "median": 0.01517558970306407,
      "std": 0.0027232167494813967,
      "min": 0.010586844957993112,
      "max": 0.019615312384265875,
      "n": 10
    },
    "distribution.skewness": {
      "mean": 0.7177573007595397,
      "median": 0.5727724828925909,
      "std": 0.6177204482341744,
      "min": 0.009125492084575767,
      "max": 1.6552157655000679,
      "n": 10
    },
    "performance.cagr_pct": {
      "mean": 142.47965361626052,
      "median": 129.82219893091766,
      "std": 71.92375610605393,
      "min": 54.60866187469915,
      "max": 311.4465311718697,
      "n": 10
    },
    "performance.cumulative_log_return": {
      "mean": 5.873484562957633,
      "median": 6.3396347170247065,
      "std": 1.6303458383382918,
      "min": 2.9800667706921464,
      "max": 7.755179726820363,
      "n": 10
    },
    "performance.pnl": {
      "mean": 5.873484562957633,
      "median": 6.3396347170247065,
      "std": 1.6303458383382918,
      "min": 2.9800667706921464,
      "max": 7.755179726820363,
      "n": 10
    },
    "performance.total_return_pct": {
      "mean": 86098.01418490367,
      "median": 57248.61168334805,
      "std": 86108.81922111318,
      "min": 1868.9131257796116,
      "max": 233262.87227482875,
      "n": 10
    },
    "risk.max_drawdown_duration": {
      "mean": 20789.7,
      "median": 21836.5,
      "std": 9522.80952292967,
      "min": 5348.0,
      "max": 38895.0,
      "n": 10
    },
    "risk.max_drawdown_pct": {
      "mean": -73.96146245427875,
      "median": -74.10341383639926,
      "std": 6.236376879672066,
      "min": -87.52396744805328,
      "max": -63.78608414033236,
      "n": 10
    },
    "risk.ulcer_index": {
      "mean": 36.64461552962681,
      "median": 33.361552116272335,
      "std": 8.641945683603987,
      "min": 28.58524121165873,
      "max": 57.8764189704177,
      "n": 10
    },
    "risk_return.calmar_ratio": {
      "mean": 1.9438586226780843,
      "median": 1.8451828406788136,
      "std": 0.9574102923810801,
      "min": 0.6239280904068953,
      "max": 4.124449619112874,
      "n": 10
    },
    "risk_return.sharpe_ratio": {
      "mean": 0.8131786484855311,
      "median": 0.8201143358463482,
      "std": 0.20762126314598928,
      "min": 0.427545600616455,
      "max": 1.155324249852817,
      "n": 10
    },
    "risk_return.sortino_ratio": {
      "mean": 1.0593107094156928,
      "median": 1.0709157916562417,
      "std": 0.27570372200706084,
      "min": 0.5383340161149232,
      "max": 1.5729433715740335,
      "n": 10
    },
    "risk_return.sqn": {
      "mean": 2.158765623742892,
      "median": 2.3252237621332683,
      "std": 0.5689109345801814,
      "min": 1.188227488033798,
      "max": 2.932512081185886,
      "n": 10
    },
    "robustness.mcpt_pvalue": {
      "mean": 0.2347,
      "median": 0.1195,
      "std": 0.22038740889624345,
      "min": 0.038,
      "max": 0.638,
      "n": 10
    },
    "robustness.t_test_pvalue": {
      "mean": 0.06560083110024141,
      "median": 0.020301212596516093,
      "std": 0.08725603938007843,
      "min": 0.0033637802054288426,
      "max": 0.23475488465709315,
      "n": 10
    },
    "temporal.rolling_dd_mean": {
      "mean": -22.49616116987424,
      "median": -23.515309323932012,
      "std": 3.0849062902395787,
      "min": -26.98258817293388,
      "max": -17.145970146091905,
      "n": 10
    },
    "temporal.rolling_dd_worst": {
      "mean": -61.79050503043037,
      "median": -64.90004435155042,
      "std": 9.296084476547078,
      "min": -74.30883125629664,
      "max": -45.603473086678406,
      "n": 10
    },
    "temporal.rolling_sharpe_mean": {
      "mean": 0.5560748698718445,
      "median": 0.5794982414682177,
      "std": 0.23505359652381067,
      "min": 0.035718340425827694,
      "max": 0.9144835547252944,
      "n": 10
    },
    "temporal.rolling_sharpe_min": {
      "mean": -9.06115164997707,
      "median": -8.915440615587332,
      "std": 1.0513839902563282,
      "min": -10.723626112556309,
      "max": -7.485244761987083,
      "n": 10
    },
    "temporal.rolling_sharpe_std": {
      "mean": 2.920688484859224,
      "median": 2.880747781853243,
      "std": 0.15534825150465809,
      "min": 2.745559761259722,
      "max": 3.2068975426258843,
      "n": 10
    },
    "trades.avg_win_loss_ratio": {
      "mean": 2.2338565115423785,
      "median": 2.261456290626618,
      "std": 0.1914031530989793,
      "min": 1.920325984540447,
      "max": 2.535229410049326,
      "n": 10
    },
    "trades.expectancy": {
      "mean": 0.010315459678514324,
      "median": 0.007182385624451683,
      "std": 0.010398744026241843,
      "min": 0.0034731614925436237,
      "max": 0.04085107956641562,