{
  "batch_name": "crypto_10_walkforward",
  "strategy": "bollinger_b2b",
  "timestamp": "2026-01-27T06:42:43.989564",
  "summary": {
    "total": 10,
    "successful": 10,
    "failed": 0,
    "n_significant": 0
  },
  "tickers": {
    "successful": [
      "BTC",
      "ETH",
      "BNB",
      "SOL",
      "XRP",
      "ADA",
      "DOGE",
      "TRX",
      "AVAX",
      "DOT"
    ],
    "failed": []
  },
  "batch_statistics": {
    "concentration.gini_coefficient": {
      "mean": 0.9945548543020063,
      "median": 0.9953107402474983,
      "std": 0.001965098458521557,
      "min": 0.9911738392915865,
      "max": 0.9966635623759585,
      "n": 10
    },
    "concentration.top_10_trades_pct": {
      "mean": 285.4862924089008,
      "median": 265.04138267015645,
      "std": 205.3317767613068,
      "min": 11.976084355042246,
      "max": 727.512370669816,
      "n": 10
    },
    "concentration.top_5_trades_pct": {
      "mean": 189.4369904020951,
      "median": 167.70613744402644,
      "std": 149.7770975544464,
      "min": 12.993841960001633,
      "max": 518.922635010177,
      "n": 10
    },
    "dependencies.autocorr_lag1": {
      "mean": 0.002907099144042178,
      "median": -7.663131201240828e-05,
      "std": 0.021509889246491908,
      "min": -0.032365825861214476,
      "max": 0.05441078441938554,
      "n": 10
    },
    "dependencies.autocorr_lag24": {
      "mean": -0.019973452458677505,
      "median": -0.018481522785907256,
      "std": 0.008471886423938021,
      "min": -0.03310268360600046,
      "max": -0.005442751774866572,
      "n": 10
    },
    "dependencies.autocorr_lag5": {
      "mean": -0.003528959700757673,
      "median": 0.0008737888934065149,
      "std": 0.011986131076831302,
      "min": -0.02906937639737525,
      "max": 0.011170742333362184,
      "n": 10
    },
    "dependencies.hurst_exponent": {
      "mean": 0.5883741997601017,
      "median": 0.5866511414659292,
      "std": 0.006517628874948172,
      "min": 0.5831532598253265,
      "max": 0.6056684893190436,
      "n": 10
    },
    "distribution.kurtosis": {
      "mean": 33.47779159922117,
      "median": 23.25230871753562,
      "std": 26.228087673434544,
      "min": 10.494858081387022,
      "max": 100.95876195136258,
      "n": 10
    },
    "distribution.p25": {
      "mean": -0.0034372600729264124,
      "median": -0.003734392343781645,
      "std": 0.0009322971838217474,
      "min": -0.004543913480938189,
      "max": -0.0018528289454012858,
      "n": 10
    },
    "distribution.p5": {
      "mean": -0.01143498907680244,
      "median": -0.01232824867100859,
      "std": 0.002686870498454934,
      "min": -0.01472941282747231,
      "max": -0.006655494348855928,
      "n": 10
    },
    "distribution.p50": {
      "mean": -3.255314307795132e-05,
      "median": 0.0,
      "std": 6.378551635831654e-05,
      "min": -0.00018304960695447736,
      "max": 0.0,
      "n": 10
    },
    "distribution.p75": {
      "mean": 0.0033356251298614246,
      "median": 0.0035749102958070877,
      "std": 0.0009082188991436419,
      "min": 0.00182949197290605,
      "max": 0.004579590721296212,
      "n": 10
    },
    "distribution.p95": {
      "mean": 0.011655656330658997,
      "median": 0.01232203278259638,
      "std": 0.0028429814656990657,
      "min": 0.006679107767826542,
      "max": 0.014851866278622514,
      "n": 10
    },
    "distribution.skewness": {
      "mean": 0.5672787190004962,
      "median": 0.6233843763179967,
      "std": 0.4851787200517805,
      "min": -0.015171312908899398,
      "max": 1.409213955455817,
      "n": 10
    },
    "performance.cagr_pct": {
      "mean": 7.081737904637926,
      "median": 1.356712074986638,
      "std": 22.207839206322088,
      "min": -18.280098508779417,
      "max": 54.38576859002089,
      "n": 10
    },
    "performance.cumulative_log_return": {
      "mean": 0.31404773902659644,
      "median": 0.08690941591724488,
      "std": 1.2270897826412297,
      "min": -1.2235794324305673,
      "max": 2.8482801886017266,
      "n": 10
    },
    "performance.pnl": {
      "mean": 0.31404773902659644,
      "median": 0.08690941591724488,
      "std": 1.2270897826412297,
      "min": -1.2235794324305673,
      "max": 2.8482801886017266,
      "n": 10
    },
    "performance.total_return_pct": {
      "mean": 219.68081125449052,
      "median": 15.864769899510124,
      "std": 496.14630766644626,
      "min": -70.58247004704037,
      "max": 1625.8075668136378,
      "n": 10
    },
    "risk.max_drawdown_duration": {
      "mean": 19935.4,
      "median": 21131.5,
      "std": 8198.475958371775,
      "min": 7946.0,
      "max": 35080.0,
      "n": 10
    },
    "risk.max_drawdown_pct": {
      "mean": -74.50588751870313,
      "median": -71.9719531038431,
      "std": 10.511428083659965,
      "min": -96.19031380205527,
      "max": -57.43775662751749,
      "n": 10
    },
    "risk.ulcer_index": {
      "mean": 33.65482971391087,
      "median": 30.671401854355736,
      "std": 10.459853968135858,
      "min": 22.498567024857607,
      "max": 56.44673625093362,
      "n": 10
    },
    "risk_return.calmar_ratio": {
      "mean": 0.1265431802342221,
      "median": 0.01877003469784088,
      "std": 0.32663382934772217,
      "min": -0.2088825059577735,
      "max": 0.7819801926288646,
      "n": 10
    },
    "risk_return.sharpe_ratio": {
      "mean": 0.10024296636563983,
      "median": 0.002201821177209941,
      "std": 0.4327567929888226,
      "min": -0.4737409402426256,
      "max": 0.8990471049919394,
      "n": 10
    },
    "risk_return.sortino_ratio": {
      "mean": 0.1390523886706701,
      "median": 0.0075417356689558845,
      "std": 0.5890716448395691,
      "min": -0.640505010398057,
      "max": 1.2285226859376914,
      "n": 10
    },
    "risk_return.sqn": {
      "mean": 0.2556773705998146,
      "median": -0.0008896210541930738,
      "std": 1.09464320231686,
      "min": -1.1046149542588737,
      "max": 2.3024316644730907,
      "n": 10
    },
    "robustness.mcpt_pvalue": {
      "mean": 0.4715,
      "median": 0.5225,
      "std": 0.2547552747245874,
      "min": 0.055,
      "max": 0.81,
      "n": 10
    },
    "robustness.t_test_pvalue": {
      "mean": 0.5408936900972224,
      "median": 0.5475762146009927,
      "std": 0.2311800176609221,
      "min": 0.10353708335599718,
      "max": 0.8047944633888051,
      "n": 10
    },
    "temporal.rolling_dd_mean": {
      "mean": -10.419699249632423,
      "median": -11.180453408585553,
      "std": 1.81866518960435,
      "min": -12.379615868184063,
      "max": -7.006586457370147,
      "n": 10
    },
    "temporal.rolling_dd_worst": {
      "mean": -49.593847204021685,
      "median": -48.02238178275911,
      "std": 9.003202416026824,
      "min": -66.28605713548541,
      "max": -38.99931359509149,
      "n": 10
    },
    "temporal.rolling_sharpe_mean": {
      "mean": -0.07094902269827555,
      "median": -0.14848219457928843,
      "std": 0.5067298425578133,
      "min": -0.7817362276198974,
      "max": 0.6826110712381306,
      "n": 10
    },
    "temporal.rolling_sharpe_min": {
      "mean": -96.55350363731314,
      "median": -40.263038534358415,
      "std": 114.76065825791098,
      "min": -389.8204074098659,
      "max": -12.506785875998185,
      "n": 10
    },
    "temporal.rolling_sharpe_std": {
      "mean": 3.5566823199982998,
      "median": 3.4534427343331813,
      "std": 0.4130507610607995,
      "min": 3.040579969316249,
      "max": 4.2134151047202675,
      "n": 10
    },
    "trades.avg_win_loss_ratio": {
      "mean": 1.7785825419038748,
      "median": 1.7933920162226782,
      "std": 0.2197425349525411,
      "min": 1.3903171736306599,
      "max": 2.097803602965043,
      "n": 10
    },
    "trades.expectancy": {
      "mean": 1.1039633142589068e-05,
      "median": 2.7634482264826876e-06,
      "std": 4.385288981281121e-05,
      "min": -4.5732430017096755e-05,